"RK",TIERS,"PLAYER NAME",TEAM,"POS","BYE WEEK","SOS SEASON","ECR VS. ADP"
"1",1,"Christian McCaffrey",SF,"RB1","9","2 out of 5 stars","0"
"2",1,"CeeDee Lamb",DAL,"WR1","7","3 out of 5 stars","+1"
"3",1,"Tyreek Hill",MIA,"WR2","6","2 out of 5 stars","-1"
"4",1,"Breece Hall",NYJ,"RB2","12","2 out of 5 stars","0"
"5",1,"Ja'Marr Chase",CIN,"WR3","12","2 out of 5 stars","+2"
"6",1,"Bijan Robinson",ATL,"RB3","12","4 out of 5 stars","-1"
"7",1,"Amon-Ra St. Brown",DET,"WR4","5","4 out of 5 stars","+1"
"8",1,"Justin Jefferson",MIN,"WR5","6","3 out of 5 stars","-2"
"9",2,"A.J. Brown",PHI,"WR6","5","2 out of 5 stars","0"
"10",2,"Garrett Wilson",NYJ,"WR7","12","4 out of 5 stars","+2"
"11",2,"Jonathan Taylor",IND,"RB4","14","2 out of 5 stars","-1"
"12",2,"Jahmyr Gibbs",DET,"RB5","5","3 out of 5 stars","+1"
"13",2,"Saquon Barkley",PHI,"RB6","5","4 out of 5 stars","-2"
"14",2,"Puka Nacua",LAR,"WR8","6","3 out of 5 stars","0"
"15",2,"Marvin Harrison Jr.",ARI,"WR9","11","3 out of 5 stars","0"
"16",3,"Drake London",ATL,"WR10","12","4 out of 5 stars","+6"
"17",3,"Derrick Henry",BAL,"RB7","14","3 out of 5 stars","+1"
"18",3,"Davante Adams",LV,"WR11","10","3 out of 5 stars","+1"
"19",3,"Travis Etienne Jr.",JAC,"RB8","12","2 out of 5 stars","-2"
"20",3,"Chris Olave",NO,"WR12","12","3 out of 5 stars","+5"
"21",3,"Kyren Williams",LAR,"RB9","6","3 out of 5 stars","-5"
"22",3,"Mike Evans",TB,"WR13","11","3 out of 5 stars","+9"
"23",3,"Deebo Samuel Sr.",SF,"WR14","9","2 out of 5 stars","+4"
"24",3,"Josh Allen",BUF,"QB1","12","1 out of 5 stars","-1"
"25",3,"Isiah Pacheco",KC,"RB10","6","3 out of 5 stars","-5"
"26",3,"Nico Collins",HOU,"WR15","14","3 out of 5 stars","+3"
"27",3,"Jaylen Waddle",MIA,"WR16","6","2 out of 5 stars","+12"
"28",3,"De'Von Achane",MIA,"RB11","6","3 out of 5 stars","-7"
"29",3,"Brandon Aiyuk",SF,"WR17","9","2 out of 5 stars","+5"
"30",3,"Jalen Hurts",PHI,"QB2","5","2 out of 5 stars","+2"
"31",3,"Cooper Kupp",LAR,"WR18","6","3 out of 5 stars","+2"
"32",3,"Sam LaPorta",DET,"TE1","5","3 out of 5 stars","-4"
"33",4,"Travis Kelce",KC,"TE2","6","3 out of 5 stars","-7"
"34",4,"DK Metcalf",SEA,"WR19","10","3 out of 5 stars","+6"
"35",4,"Patrick Mahomes II",KC,"QB3","6","3 out of 5 stars","-5"
"36",4,"DJ Moore",CHI,"WR20","7","4 out of 5 stars","+5"
"37",4,"Lamar Jackson",BAL,"QB4","14","4 out of 5 stars","+1"
"38",4,"Josh Jacobs",GB,"RB12","10","1 out of 5 stars","-14"
"39",4,"DeVonta Smith",PHI,"WR21","5","2 out of 5 stars","+7"
"40",4,"Michael Pittman Jr.",IND,"WR22","14","4 out of 5 stars","-3"
"41",4,"Malik Nabers",NYG,"WR23","11","3 out of 5 stars","+7"
"42",4,"Amari Cooper",CLE,"WR24","10","3 out of 5 stars","+12"
"43",4,"James Cook",BUF,"RB13","12","2 out of 5 stars","-7"
"44",4,"Kenneth Walker III",SEA,"RB14","10","4 out of 5 stars","0"
"45",4,"Rachaad White",TB,"RB15","11","5 out of 5 stars","-10"
"46",4,"Joe Mixon",HOU,"RB16","14","3 out of 5 stars","-4"
"47",5,"Mark Andrews",BAL,"TE3","14","3 out of 5 stars","+3"
"48",5,"Tee Higgins",CIN,"WR25","12","2 out of 5 stars","+10"
"49",5,"Stefon Diggs",HOU,"WR26","14","3 out of 5 stars","-6"
"50",5,"Alvin Kamara",NO,"RB17","12","5 out of 5 stars","-5"
"51",5,"Trey McBride",ARI,"TE4","11","5 out of 5 stars","-2"
"52",5,"Anthony Richardson",IND,"QB5","14","5 out of 5 stars","-1"
"53",5,"George Pickens",PIT,"WR27","9","1 out of 5 stars","+6"
"54",5,"Rashee Rice",KC,"WR28","6","3 out of 5 stars","+19"
"55",5,"Zay Flowers",BAL,"WR29","14","3 out of 5 stars","+6"
"56",5,"C.J. Stroud",HOU,"QB6","14","2 out of 5 stars","-9"
"57",5,"Terry McLaurin",WAS,"WR30","14","3 out of 5 stars","+11"
"58",5,"Tank Dell",HOU,"WR31","14","3 out of 5 stars","+6"
"59",5,"Kyler Murray",ARI,"QB7","11","2 out of 5 stars","+6"
"60",5,"James Conner",ARI,"RB18","11","2 out of 5 stars","-5"
"61",5,"David Montgomery",DET,"RB19","5","3 out of 5 stars","-1"
"62",5,"Christian Kirk",JAC,"WR32","12","4 out of 5 stars","+9"
"63",5,"Aaron Jones",MIN,"RB20","6","3 out of 5 stars","-10"
"64",5,"Rhamondre Stevenson",NE,"RB21","14","2 out of 5 stars","-8"
"65",5,"Dalton Kincaid",BUF,"TE5","12","2 out of 5 stars","-13"
"66",5,"Joe Burrow",CIN,"QB8","12","2 out of 5 stars","-3"
"67",5,"Chris Godwin",TB,"WR33","11","3 out of 5 stars","+10"
"68",5,"Dak Prescott",DAL,"QB9","7","2 out of 5 stars","+6"
"69",5,"Calvin Ridley",TEN,"WR34","5","4 out of 5 stars","+9"
"70",5,"Najee Harris",PIT,"RB22","9","4 out of 5 stars","-3"
"71",5,"Diontae Johnson",CAR,"WR35","11","5 out of 5 stars","+13"
"72",5,"Jordan Love",GB,"QB10","10","5 out of 5 stars","+3"
"73",6,"Raheem Mostert",MIA,"RB23","6","3 out of 5 stars","-1"
"74",6,"D'Andre Swift",CHI,"RB24","7","2 out of 5 stars","-12"
"75",6,"Kyle Pitts",ATL,"TE6","12","3 out of 5 stars","-9"
"76",6,"Keenan Allen",CHI,"WR36","7","4 out of 5 stars","0"
"77",6,"Zamir White",LV,"RB25","10","3 out of 5 stars","-7"
"78",6,"George Kittle",SF,"TE7","9","4 out of 5 stars","-21"
"79",6,"Javonte Williams",DEN,"RB26","14","4 out of 5 stars","+1"
"80",6,"Tony Pollard",TEN,"RB27","5","3 out of 5 stars","-1"
"81",6,"Jayden Daniels",WAS,"QB11","14","3 out of 5 stars","+14"
"82",6,"Jayden Reed",GB,"WR37","10","4 out of 5 stars","0"
"83",6,"Brian Robinson Jr.",WAS,"RB28","14","3 out of 5 stars","+7"
"84",6,"Evan Engram",JAC,"TE8","12","3 out of 5 stars","-15"
"85",6,"Brock Purdy",SF,"QB12","9","2 out of 5 stars","+6"
"86",6,"Devin Singletary",NYG,"RB29","11","3 out of 5 stars","-3"
"87",6,"Jaxon Smith-Njigba",SEA,"WR38","10","3 out of 5 stars","+15"
"88",6,"Jaylen Warren",PIT,"RB30","9","4 out of 5 stars","0"
"89",6,"Christian Watson",GB,"WR39","10","4 out of 5 stars","+10"
"90",6,"DeAndre Hopkins",TEN,"WR40","5","4 out of 5 stars","+11"
"91",6,"Caleb Williams",CHI,"QB13","7","4 out of 5 stars","+6"
"92",6,"Jake Ferguson",DAL,"TE9","7","2 out of 5 stars","-11"
"93",6,"Xavier Worthy",KC,"WR41","6","3 out of 5 stars","-7"
"94",6,"Rome Odunze",CHI,"WR42","7","4 out of 5 stars","-5"
"95",6,"Tyjae Spears",TEN,"RB31","5","3 out of 5 stars","+5"
"96",6,"David Njoku",CLE,"TE10","10","3 out of 5 stars","-11"
"97",6,"Tua Tagovailoa",MIA,"QB14","6","2 out of 5 stars","+8"
"98",6,"Courtland Sutton",DEN,"WR43","14","2 out of 5 stars","+16"
"99",6,"Zack Moss",CIN,"RB32","12","3 out of 5 stars","-12"
"100",7,"Jared Goff",DET,"QB15","5","4 out of 5 stars","+4"
"101",7,"Chase Brown",CIN,"RB33","12","3 out of 5 stars","+6"
"102",7,"Marquise Brown",KC,"WR44","6","3 out of 5 stars","-4"
"103",7,"Trevor Lawrence",JAC,"QB16","12","5 out of 5 stars","+17"
"104",7,"Brian Thomas Jr.",JAC,"WR45","12","4 out of 5 stars","+8"
"105",7,"Brock Bowers",LV,"TE11","10","4 out of 5 stars","-11"
"106",7,"Ladd McConkey",LAC,"WR46","5","3 out of 5 stars","0"
"107",7,"Jordan Addison",MIN,"WR47","6","3 out of 5 stars","-4"
"108",7,"Jonathon Brooks",CAR,"RB34","11","4 out of 5 stars","-12"
"109",7,"Jerome Ford",CLE,"RB35","10","4 out of 5 stars","+1"
"110",7,"Dallas Goedert",PHI,"TE12","5","4 out of 5 stars","-2"
"111",7,"Austin Ekeler",WAS,"RB36","14","3 out of 5 stars","-18"
"112",7,"Gus Edwards",LAC,"RB37","5","4 out of 5 stars","+1"
"113",7,"Jameson Williams",DET,"WR48","5","4 out of 5 stars","+5"
"114",7,"Kirk Cousins",ATL,"QB17","12","3 out of 5 stars","+20"
"115",7,"Keon Coleman",BUF,"WR49","12","2 out of 5 stars","+1"
"116",7,"Justin Herbert",LAC,"QB18","5","2 out of 5 stars","+8"
"117",7,"Ezekiel Elliott",DAL,"RB38","7","3 out of 5 stars","-8"
"118",7,"Tyler Lockett",SEA,"WR50","10","3 out of 5 stars","+17"
"119",7,"Matthew Stafford",LAR,"QB19","6","4 out of 5 stars","+24"
"120",7,"Jakobi Meyers",LV,"WR51","10","3 out of 5 stars","+22"
"121",7,"Pat Freiermuth",PIT,"TE13","9","3 out of 5 stars","+7"
"122",7,"Nick Chubb",CLE,"RB39","10","4 out of 5 stars","-30"
"123",7,"Dalton Schultz",HOU,"TE14","14","2 out of 5 stars","-2"
"124",7,"Joshua Palmer",LAC,"WR52","5","3 out of 5 stars","+23"
"125",7,"Blake Corum",LAR,"RB40","6","3 out of 5 stars","-6"
"126",7,"Romeo Doubs",GB,"WR53","10","4 out of 5 stars","+6"
"127",7,"Chuba Hubbard",CAR,"RB41","11","4 out of 5 stars","+11"
"128",7,"Khalil Shakir",BUF,"WR54","12","2 out of 5 stars","-1"
"129",7,"Zach Charbonnet",SEA,"RB42","10","4 out of 5 stars","+11"
"130",7,"Rashid Shaheed",NO,"WR55","12","3 out of 5 stars","+21"
"131",7,"Aaron Rodgers",NYJ,"QB20","12","2 out of 5 stars","+2"
"132",7,"Trey Benson",ARI,"RB43","11","2 out of 5 stars","-21"
"133",7,"Brandin Cooks",DAL,"WR56","7","3 out of 5 stars","+19"
"134",7,"Curtis Samuel",BUF,"WR57","12","2 out of 5 stars","-4"
"135",7,"Rico Dowdle",DAL,"RB44","7","3 out of 5 stars","-4"
"136",8,"Mike Williams",NYJ,"WR58","12","4 out of 5 stars","+24"
"137",8,"T.J. Hockenson",MIN,"TE15","6","2 out of 5 stars","-11"
"138",8,"Deshaun Watson",CLE,"QB21","10","4 out of 5 stars","+32"
"139",8,"Geno Smith",SEA,"QB22","10","3 out of 5 stars","+45"
"140",8,"J.K. Dobbins",LAC,"RB45","5","4 out of 5 stars","-11"
"141",8,"Jaleel McLaughlin",DEN,"RB46","14","4 out of 5 stars","+8"
"142",8,"Jerry Jeudy",CLE,"WR59","10","3 out of 5 stars","+8"
"143",8,"Ty Chandler",MIN,"RB47","6","3 out of 5 stars","+3"
"144",8,"Baker Mayfield",TB,"QB23","11","2 out of 5 stars","+4"
"145",8,"Tyler Allgeier",ATL,"RB48","12","4 out of 5 stars","+14"
"146",8,"Luke Musgrave",GB,"TE16","10","3 out of 5 stars","+26"
"147",8,"Josh Downs",IND,"WR60","14","4 out of 5 stars","+31"
"148",8,"Gabe Davis",JAC,"WR61","12","4 out of 5 stars","+17"
"149",8,"Antonio Gibson",NE,"RB49","14","2 out of 5 stars","+5"
"150",8,"Will Levis",TEN,"QB24","5","5 out of 5 stars","+16"
"151",8,"Cole Kmet",CHI,"TE17","7","3 out of 5 stars","-12"
"152",8,"Hunter Henry",NE,"TE18","14","3 out of 5 stars","+36"
"153",8,"Dontayvion Wicks",GB,"WR62","10","4 out of 5 stars","+3"
"154",8,"Ray Davis",BUF,"RB50","12","2 out of 5 stars","+40"
"155",8,"Adam Thielen",CAR,"WR63","11","5 out of 5 stars","+6"
"156",8,"Darnell Mooney",ATL,"WR64","12","4 out of 5 stars","+43"
"157",8,"MarShawn Lloyd",GB,"RB51","10","1 out of 5 stars","+7"
"158",8,"Taysom Hill",NO,"TE19","12","4 out of 5 stars","0"
"159",8,"DeMario Douglas",NE,"WR65","14","3 out of 5 stars","+49"
"160",8,"Tyler Conklin",NYJ,"TE20","12","3 out of 5 stars","+27"
"161",8,"Michael Wilson",ARI,"WR66","11","3 out of 5 stars","+34"
"162",8,"Adonai Mitchell",IND,"WR67","14","4 out of 5 stars","-5"
"163",8,"Khalil Herbert",CHI,"RB52","7","2 out of 5 stars","+18"
"164",8,"Ja'Lynn Polk",NE,"WR68","14","3 out of 5 stars","+12"
"165",8,"Cade Otton",TB,"TE21","11","3 out of 5 stars","+27"
"166",8,"Jaylen Wright",MIA,"RB53","6","3 out of 5 stars","-25"
"167",8,"Rashod Bateman",BAL,"WR69","14","3 out of 5 stars","+81"
"168",8,"Noah Fant",SEA,"TE22","10","3 out of 5 stars","+33"
"169",8,"Daniel Jones",NYG,"QB25","11","2 out of 5 stars","+50"
"170",8,"Derek Carr",NO,"QB26","12","4 out of 5 stars","+48"
"171",8,"Bucky Irving",TB,"RB54","11","5 out of 5 stars","+25"
"172",8,"Bryce Young",CAR,"QB27","11","5 out of 5 stars","+42"
"173",9,"Wan'Dale Robinson",NYG,"WR70","11","3 out of 5 stars","+62"
"174",9,"Jahan Dotson",PHI,"WR71","5","2 out of 5 stars","-1"
"175",9,"Isaiah Likely",BAL,"TE23","14","3 out of 5 stars","0"
"176",9,"Xavier Legette",CAR,"WR72","11","5 out of 5 stars","-14"
"177",9,"Sam Darnold",MIN,"QB28","6","5 out of 5 stars","+47"
"178",9,"Braelon Allen",NYJ,"RB55","12","2 out of 5 stars","+22"
"179",9,"Baltimore Ravens",BAL,"DST1","14","2 out of 5 stars","-43"
"180",9,"Juwan Johnson",NO,"TE24","12","4 out of 5 stars","+66"
"181",9,"Marvin Mims Jr.",DEN,"WR73","14","2 out of 5 stars","+58"
"182",9,"Roschon Johnson",CHI,"RB56","7","2 out of 5 stars","+44"
"183",9,"San Francisco 49ers",SF,"DST2","9","1 out of 5 stars","-60"
"184",9,"Bo Nix",DEN,"QB29","14","2 out of 5 stars","-15"
"185",9,"New York Jets",NYJ,"DST3","12","1 out of 5 stars","-60"
"186",9,"Cleveland Browns",CLE,"DST4","10","2 out of 5 stars","-33"
"187",9,"Dallas Cowboys",DAL,"DST5","7","4 out of 5 stars","-50"
"188",9,"Ricky Pearsall",SF,"WR74","9","2 out of 5 stars","+24"
"189",9,"Demarcus Robinson",LAR,"WR75","6","3 out of 5 stars","+78"
"190",9,"Jordan Mason",SF,"RB57","9","2 out of 5 stars","+25"
"191",9,"Justin Tucker",BAL,"K1","14","2 out of 5 stars","-74"
"192",9,"Kansas City Chiefs",KC,"DST6","6","2 out of 5 stars","-18"
"193",9,"Pittsburgh Steelers",PIT,"DST7","9","4 out of 5 stars","-22"
"194",9,"Chigoziem Okonkwo",TEN,"TE25","5","4 out of 5 stars","-3"
"195",9,"Brandon Aubrey",DAL,"K2","7","2 out of 5 stars","-80"
"196",9,"Tank Bigsby",JAC,"RB58","12","2 out of 5 stars","+27"
"197",9,"Buffalo Bills",BUF,"DST8","12","2 out of 5 stars","-11"
"198",9,"Russell Wilson",PIT,"QB30","9","2 out of 5 stars","-16"
"199",9,"Harrison Butker",KC,"K3","6","2 out of 5 stars","-77"
"200",9,"Audric Estime",DEN,"RB59","14","4 out of 5 stars","+29"
"201",9,"Jason Sanders",MIA,"K4","6","2 out of 5 stars","-34"
"202",9,"Philadelphia Eagles",PHI,"DST9","5","3 out of 5 stars","-5"
"203",9,"Kimani Vidal",LAC,"RB60","5","4 out of 5 stars","-35"
"204",9,"Quentin Johnston",LAC,"WR76","5","3 out of 5 stars","+3"
"205",9,"Dameon Pierce",HOU,"RB61","14","3 out of 5 stars","-16"
"206",9,"Alexander Mattison",LV,"RB62","10","3 out of 5 stars","+21"
"207",9,"Houston Texans",HOU,"DST10","14","2 out of 5 stars","-2"
"208",9,"Jermaine Burton",CIN,"WR77","12","2 out of 5 stars","+13"
"209",9,"Justice Hill",BAL,"RB63","14","3 out of 5 stars","+29"
"210",9,"Jake Elliott",PHI,"K5","5","2 out of 5 stars","-66"
"211",9,"Jake Moody",SF,"K6","9","1 out of 5 stars","-56"
"212",9,"Jalen McMillan",TB,"WR78","11","3 out of 5 stars","+54"
"213",9,"Tucker Kraft",GB,"TE26","10","3 out of 5 stars","+80"
"214",9,"Ka'imi Fairbairn",HOU,"K7","14","2 out of 5 stars","-69"
"215",9,"Tyrone Tracy Jr.",NYG,"RB64","11","3 out of 5 stars","-13"
"216",9,"Miami Dolphins",MIA,"DST11","6","2 out of 5 stars","-37"
"217",9,"New Orleans Saints",NO,"DST12","12","5 out of 5 stars","0"
"218",9,"Kendre Miller",NO,"RB65","12","5 out of 5 stars","-12"
"219",9,"Younghoe Koo",ATL,"K8","12","0 out of 5 stars","-56"
"220",9,"Jalin Hyatt",NYG,"WR79","11","3 out of 5 stars","+74"
"221",9,"Tyler Boyd",TEN,"WR80","5","4 out of 5 stars","+35"
"222",9,"Chicago Bears",CHI,"DST13","7","3 out of 5 stars","+27"
"223",9,"Tyler Bass",BUF,"K9","12","5 out of 5 stars","-40"
"224",9,"Ben Sinnott",WAS,"TE27","14","2 out of 5 stars","-34"
"225",9,"Darius Slayton",NYG,"WR81","11","3 out of 5 stars","+72"
"226",9,"Roman Wilson",PIT,"WR82","9","1 out of 5 stars","+16"
"227",9,"Drake Maye",NE,"QB31","14","3 out of 5 stars","-7"
"228",10,"Mike Gesicki",CIN,"TE28","12","3 out of 5 stars","+24"
"229",10,"Elijah Moore",CLE,"WR83","10","3 out of 5 stars","+69"
"230",10,"Clyde Edwards-Helaire",KC,"RB66","6","3 out of 5 stars","-2"
"231",10,"Evan McPherson",CIN,"K10","12","0 out of 5 stars","-54"
"232",10,"Andrei Iosivas",CIN,"WR84","12","2 out of 5 stars","+70"
"233",10,"Matt Gay",IND,"K11","14","5 out of 5 stars","0"
"234",10,"Kenneth Gainwell",PHI,"RB67","5","4 out of 5 stars","-2"
"235",10,"Indianapolis Colts",IND,"DST14","14","4 out of 5 stars","+22"
"236",10,"Gardner Minshew II",LV,"QB32","10","2 out of 5 stars","-2"
"237",10,"Jonnu Smith",MIA,"TE29","6","2 out of 5 stars","-52"
"238",10,"Will Shipley",PHI,"RB68","5","4 out of 5 stars","+2"
"239",10,"Cameron Dicker",LAC,"K12","5","3 out of 5 stars","-46"
"240",10,"Jamaal Williams",NO,"RB69","12","5 out of 5 stars","+5"
"241",10,"Cairo Santos",CHI,"K13","7","5 out of 5 stars","+6"
"242",10,"Kendrick Bourne",NE,"WR85","14","3 out of 5 stars","+58"
"243",10,"Trey Sermon",IND,"RB70","14","2 out of 5 stars","+36"
"244",10,"DJ Chark Jr.",LAC,"WR86","5","3 out of 5 stars","+40"
"245",10,"Malachi Corley",NYJ,"WR87","12","4 out of 5 stars","+27"
"246",10,"Dustin Hopkins",CLE,"K14","10","2 out of 5 stars","+23"
"247",10,"Miles Sanders",CAR,"RB71","11","4 out of 5 stars","+18"
"248",10,"Justin Fields",PIT,"QB33","9","2 out of 5 stars","-68"
"249",10,"Dylan Laube",LV,"RB72","10","3 out of 5 stars","+38"
"250",10,"Michael Mayer",LV,"TE30","10","4 out of 5 stars","+55"
"251",10,"Troy Franklin",DEN,"WR88","14","2 out of 5 stars","-38"
"252",10,"Zach Ertz",WAS,"TE31","14","2 out of 5 stars","+16"
"253",10,"Keaton Mitchell",BAL,"RB73","14","3 out of 5 stars","+6"
"254",10,"Detroit Lions",DET,"DST15","5","0 out of 5 stars","-38"
"255",10,"Jason Myers",SEA,"K15","10","5 out of 5 stars","-57"
"256",10,"Javon Baker",NE,"WR89","14","3 out of 5 stars","+27"
"257",10,"Odell Beckham Jr.",MIA,"WR90","6","2 out of 5 stars","+31"
"258",10,"Josh Reynolds",DEN,"WR91","14","2 out of 5 stars","+71"
"259",10,"Luke McCaffrey",WAS,"WR92","14","3 out of 5 stars","-23"
"260",10,"Samaje Perine",KC,"RB74","6","3 out of 5 stars","+17"
"261",10,"A.T. Perry",NO,"WR93","12","3 out of 5 stars","+66"
"262",10,"Jonathan Mingo",CAR,"WR94","11","5 out of 5 stars","+45"
"263",10,"Ja'Tavion Sanders",CAR,"TE32","11","3 out of 5 stars","-2"
"264",10,"Cincinnati Bengals",CIN,"DST16","12","5 out of 5 stars","-14"
"265",10,"Minnesota Vikings",MIN,"DST17","6","3 out of 5 stars","-24"
"266",10,"Treylon Burks",TEN,"WR95","5","4 out of 5 stars","+53"
"267",10,"Dawson Knox",BUF,"TE33","12","2 out of 5 stars","-58"
"268",10,"Greg Dortch",ARI,"WR96","11","3 out of 5 stars","-6"
"269",10,"Gerald Everett",CHI,"TE34","7","3 out of 5 stars","-"
"270",10,"Eric Gray",NYG,"RB75","11","3 out of 5 stars","+20"
"271",10,"D'Onta Foreman",CLE,"RB76","10","4 out of 5 stars","-1"
"272",10,"Jacksonville Jaguars",JAC,"DST18","12","4 out of 5 stars","+6"
"273",10,"Daniel Carlson",LV,"K16","10","2 out of 5 stars","-70"
"274",10,"K.J. Osborn",NE,"WR97","14","3 out of 5 stars","+41"
"275",10,"Jalen Tolbert",DAL,"WR98","7","3 out of 5 stars","-12"
"276",10,"Zay Jones",ARI,"WR99","11","3 out of 5 stars","+28"
"277",10,"Alec Pierce",IND,"WR100","14","4 out of 5 stars","-"
"278",10,"Greg Dulcich",DEN,"TE35","14","2 out of 5 stars","-20"
"279",10,"Greg Zuerlein",NYJ,"K17","12","4 out of 5 stars","-35"
"280",10,"Cordarrelle Patterson",PIT,"RB77","9","4 out of 5 stars","+6"
"281",10,"Cedric Tillman",CLE,"WR101","10","3 out of 5 stars","-"
"282",10,"Colby Parkinson",LAR,"TE36","6","3 out of 5 stars","-1"
"283",10,"Cam Akers",HOU,"RB78","14","3 out of 5 stars","+2"
"284",11,"Trey Palmer",TB,"WR102","11","3 out of 5 stars","-"
"285",11,"Deuce Vaughn",DAL,"RB79","7","3 out of 5 stars","+28"
"286",11,"Blake Grupe",NO,"K18","12","4 out of 5 stars","-"
"287",11,"Pierre Strong Jr.",CLE,"RB80","10","4 out of 5 stars","-"
"288",11,"D'Ernest Johnson",JAC,"RB81","12","2 out of 5 stars","-"
"289",11,"Devontez Walker",BAL,"WR103","14","3 out of 5 stars","+12"
"290",11,"Green Bay Packers",GB,"DST19","10","1 out of 5 stars","-39"
"291",11,"Isaac Guerendo",SF,"RB82","9","2 out of 5 stars","-38"
"292",11,"Emari Demercado",ARI,"RB83","11","2 out of 5 stars","-"
"293",11,"Aidan O'Connell",LV,"QB34","10","2 out of 5 stars","+46"
"294",11,"Evan Hull",IND,"RB84","14","2 out of 5 stars","+38"
"295",11,"Theo Johnson",NYG,"TE37","11","4 out of 5 stars","-19"
"296",11,"Denver Broncos",DEN,"DST20","14","3 out of 5 stars","-41"
"297",11,"Jacoby Brissett",NE,"QB35","14","3 out of 5 stars","-33"
"298",11,"Israel Abanikanda",NYJ,"RB85","12","2 out of 5 stars","-"
"299",11,"Jeff Wilson Jr.",MIA,"RB86","6","3 out of 5 stars","+36"
"300",11,"Brenden Rice",LAC,"WR104","5","3 out of 5 stars","-4"
"301",11,"Tyler Higbee",LAR,"TE38","6","3 out of 5 stars","-"
"302",11,"Hayden Hurst",LAC,"TE39","5","3 out of 5 stars","-22"
"303",11,"Las Vegas Raiders",LV,"DST21","10","3 out of 5 stars","-99"
"304",11,"Jacob Cowing",SF,"WR105","9","2 out of 5 stars","-"
"305",11,"Ronnie Rivers",LAR,"RB87","6","3 out of 5 stars","-"
"306",11,"Noah Brown",WAS,"WR106","14","3 out of 5 stars","-"
"307",11,"Chris Rodriguez Jr.",WAS,"RB88","14","3 out of 5 stars","-"
"308",11,"Michael Carter",ARI,"RB89","11","2 out of 5 stars","-"
"309",11,"Tyler Scott",CHI,"WR107","7","4 out of 5 stars","-"
"310",11,"Dalvin Cook",DAL,"RB90","7","3 out of 5 stars","-39"
"311",11,"Robert Woods",HOU,"WR108","14","3 out of 5 stars","-"
"312",11,"Daniel Bellinger",NYG,"TE40","11","4 out of 5 stars","-6"
"313",11,"Dyami Brown",WAS,"WR109","14","3 out of 5 stars","-59"
"314",11,"Tutu Atwell",LAR,"WR110","6","3 out of 5 stars","-"
"315",11,"New England Patriots",NE,"DST22","14","2 out of 5 stars","-90"
"316",11,"Kalif Raymond",DET,"WR111","5","4 out of 5 stars","-"
"317",11,"Kadarius Toney",FA,"WR112","-","-","-"
"318",11,"Kylen Granson",IND,"TE41","14","3 out of 5 stars","-43"
"319",11,"Rasheen Ali",BAL,"RB91","14","3 out of 5 stars","+3"
"320",11,"Carson Steele",KC,"RB92","6","3 out of 5 stars","-31"
"321",11,"Isaiah Spiller",LAC,"RB93","5","4 out of 5 stars","-"
"322",11,"Jordan Whittington",LAR,"WR113","6","3 out of 5 stars","-14"
"323",11,"Tre Tucker",LV,"WR114","10","3 out of 5 stars","-20"
"324",11,"Tim Patrick",DET,"WR115","5","4 out of 5 stars","-25"
"325",11,"Michael Penix Jr.",ATL,"QB36","12","3 out of 5 stars","-33"
"326",11,"Malik Washington",MIA,"WR116","6","2 out of 5 stars","-10"
"327",11,"Van Jefferson",PIT,"WR117","9","1 out of 5 stars","-32"
"328",11,"Jauan Jennings",SF,"WR118","9","2 out of 5 stars","-"
"329",12,"Ty Johnson",BUF,"RB94","12","2 out of 5 stars","-"
"330",12,"Kareem Hunt",FA,"RB95","-","-","-48"
"331",12,"Nelson Agholor",BAL,"WR119","14","3 out of 5 stars","-"
"332",12,"Will Dissly",LAC,"TE42","5","3 out of 5 stars","-"
"333",12,"Calvin Austin III",PIT,"WR120","9","1 out of 5 stars","0"
"334",12,"Tampa Bay Buccaneers",TB,"DST23","11","4 out of 5 stars","-124"
"335",12,"Allen Lazard",NYJ,"WR121","12","4 out of 5 stars","-"
"336",12,"Jerick McKinnon",FA,"RB96","-","-","-"
"337",12,"Xavier Gipson",NYJ,"WR122","12","4 out of 5 stars","-"
"338",12,"Deneric Prince",FA,"RB97","-","-","-"
"339",12,"Emanuel Wilson",GB,"RB98","10","1 out of 5 stars","-9"
"340",12,"Michael Thomas",FA,"WR123","-","-","-"
"341",12,"Bo Melton",GB,"WR124","10","4 out of 5 stars","-"
"342",12,"Marquez Valdes-Scantling",BUF,"WR125","12","2 out of 5 stars","-"
"343",12,"Royce Freeman",FA,"RB99","-","-","-"
"344",12,"Jalen Nailor",MIN,"WR126","6","3 out of 5 stars","-"
"345",12,"Noah Gray",KC,"TE43","6","3 out of 5 stars","-"
"346",12,"Ray-Ray McCloud III",ATL,"WR127","12","4 out of 5 stars","-"
"347",12,"Jake Bates",DET,"K19","5","2 out of 5 stars","-116"
"348",12,"Salvon Ahmed",FA,"RB100","-","-","-"
"349",12,"Seattle Seahawks",SEA,"DST24","10","4 out of 5 stars","-138"
"350",12,"John Metchie III",HOU,"WR128","14","3 out of 5 stars","-"
"351",12,"Sam Howell",SEA,"QB37","10","3 out of 5 stars","-"
"352",12,"Drew Lock",NYG,"QB38","11","2 out of 5 stars","-"
"353",12,"Atlanta Falcons",ATL,"DST25","12","4 out of 5 stars","-123"
"354",12,"Justin Watson",KC,"WR129","6","3 out of 5 stars","-"
"355",12,"Jameis Winston",CLE,"QB39","10","4 out of 5 stars","-"
"356",12,"Craig Reynolds",DET,"RB101","5","3 out of 5 stars","-"
"357",12,"Erick All Jr.",CIN,"TE44","12","3 out of 5 stars","-"
"358",12,"Wil Lutz",DEN,"K20","14","2 out of 5 stars","-"
"359",12,"Cedrick Wilson Jr.",NO,"WR130","12","3 out of 5 stars","-"
"360",12,"New York Giants",NYG,"DST26","11","3 out of 5 stars","-138"
"361",12,"Los Angeles Rams",LAR,"DST27","6","2 out of 5 stars","-21"
"362",12,"Skyy Moore",KC,"WR131","6","3 out of 5 stars","-"
"363",12,"Josh Oliver",MIN,"TE45","6","2 out of 5 stars","-"
"364",12,"Olamide Zaccheaus",WAS,"WR132","14","3 out of 5 stars","-"
"365",12,"Parker Washington",JAC,"WR133","12","4 out of 5 stars","-"
"366",12,"Brevin Jordan",HOU,"TE46","14","2 out of 5 stars","-"
"367",12,"Tanner Hudson",CIN,"TE47","12","3 out of 5 stars","-"
"368",12,"Chris Boswell",PIT,"K21","9","4 out of 5 stars","-131"
"369",12,"Isaiah Davis",NYJ,"RB102","12","2 out of 5 stars","-"
"370",12,"Joshua Kelley",FA,"RB103","-","-","-"
"371",12,"Joe Flacco",IND,"QB40","14","5 out of 5 stars","-97"
"372",12,"Los Angeles Chargers",LAC,"DST28","5","5 out of 5 stars","-49"
"373",12,"Mack Hollins",BUF,"WR134","12","2 out of 5 stars","-"
"374",12,"Tommy Tremble",CAR,"TE48","11","3 out of 5 stars","-"
"375",12,"Jeremy Ruckert",NYJ,"TE49","12","3 out of 5 stars","-"
"376",12,"Cade Stover",HOU,"TE50","14","2 out of 5 stars","-"
"377",12,"Davis Allen",LAR,"TE51","6","3 out of 5 stars","-"
"378",12,"Johnny Wilson",PHI,"WR135","5","2 out of 5 stars","-"
"379",12,"Matt Prater",ARI,"K22","11","2 out of 5 stars","-119"
"380",12,"JuJu Smith-Schuster",KC,"WR136","6","3 out of 5 stars","-55"
"381",12,"Johnny Mundt",MIN,"TE52","6","2 out of 5 stars","-"
"382",12,"Jarrett Stidham",DEN,"QB41","14","2 out of 5 stars","-"
"383",12,"Jaret Patterson",FA,"RB104","-","-","-"
"384",12,"Darnell Washington",PIT,"TE53","9","3 out of 5 stars","-"
"385",12,"Donald Parham Jr.",DEN,"TE54","14","2 out of 5 stars","-"
"386",12,"Brandon Powell",MIN,"WR137","6","3 out of 5 stars","-"
"387",12,"Tyquan Thornton",NE,"WR138","14","3 out of 5 stars","-"
"388",12,"Trenton Irwin",CIN,"WR139","12","2 out of 5 stars","-"
"389",12,"Chase McLaughlin",TB,"K23","11","3 out of 5 stars","-78"
"390",12,"Joshua Karty",LAR,"K24","6","1 out of 5 stars","-72"
"391",12,"Adam Trautman",DEN,"TE55","14","2 out of 5 stars","-"
"392",12,"Sione Vaki",DET,"RB105","5","3 out of 5 stars","-"
"393",12,"Austin Hooper",NE,"TE56","14","3 out of 5 stars","-"
"394",12,"Carolina Panthers",CAR,"DST29","11","4 out of 5 stars","-"
"395",12,"Greg Joseph",FA,"K25","-","-","-"
"396",12,"Sean Tucker",TB,"RB106","11","5 out of 5 stars","-"
"397",12,"KaVontae Turpin",DAL,"WR140","7","3 out of 5 stars","-"
"398",12,"Matt Breida",FA,"RB107","-","-","-"
"399",13,"Jake Browning",CIN,"QB42","12","2 out of 5 stars","-"
"400",13,"Josh Whyle",TEN,"TE57","5","4 out of 5 stars","-"
"401",13,"Donovan Peoples-Jones",DET,"WR141","5","4 out of 5 stars","-"
"402",13,"Kyle Juszczyk",SF,"RB108","9","2 out of 5 stars","-"
"403",13,"Kenny Pickett",PHI,"QB43","5","2 out of 5 stars","-"
"404",13,"Jawhar Jordan",HOU,"RB109","14","3 out of 5 stars","-"
"405",13,"Nyheim Hines",CLE,"RB110","10","4 out of 5 stars","-"
"406",13,"Mo Alie-Cox",IND,"TE58","14","3 out of 5 stars","-69"
"407",13,"Ryan Flournoy",DAL,"WR142","7","3 out of 5 stars","-"
"408",13,"Kenny McIntosh",SEA,"RB111","10","4 out of 5 stars","-"
"409",13,"Foster Moreau",NO,"TE59","12","4 out of 5 stars","-"
"410",13,"Blake Watson",DEN,"RB112","14","4 out of 5 stars","-"
"411",13,"Parris Campbell",PHI,"WR143","5","2 out of 5 stars","-"
"412",13,"Jake Bobo",SEA,"WR144","10","3 out of 5 stars","-"
"413",13,"Cam Little",JAC,"K26","12","5 out of 5 stars","-"
"414",13,"Tyler Goodson",IND,"RB113","14","2 out of 5 stars","-"
"415",13,"Ainias Smith",PHI,"WR145","5","2 out of 5 stars","-"
"416",13,"Trayveon Williams",CIN,"RB114","12","3 out of 5 stars","-"
"417",13,"Ameer Abdullah",LV,"RB115","10","3 out of 5 stars","-"
"418",13,"Keaontay Ingram",KC,"RB116","6","3 out of 5 stars","-"
"419",13,"Luke Schoonmaker",DAL,"TE60","7","2 out of 5 stars","-"
"420",13,"Nick Mullens",MIN,"QB44","6","5 out of 5 stars","-"
"421",13,"Braxton Berrios",MIA,"WR146","6","2 out of 5 stars","-"
"422",13,"Jaheim Bell",NE,"TE61","14","3 out of 5 stars","-"
"423",13,"Bub Means",NO,"WR147","12","3 out of 5 stars","-"
"424",13,"Xavier Hutchinson",HOU,"WR148","14","3 out of 5 stars","-"
"425",13,"Tyrod Taylor",NYJ,"QB45","12","2 out of 5 stars","-"
"426",13,"Logan Thomas",FA,"TE62","-","-","-"
"427",13,"Nick Westbrook-Ikhine",TEN,"WR149","5","4 out of 5 stars","-"
"428",13,"Jamison Crowder",WAS,"WR150","14","3 out of 5 stars","-"
"429",13,"Hunter Renfrow",FA,"WR151","-","-","-"
"430",13,"Jase McClellan",ATL,"RB117","12","4 out of 5 stars","-"
"431",13,"Will Mallory",IND,"TE63","14","3 out of 5 stars","-"
"432",13,"Jalen Brooks",DAL,"WR152","7","3 out of 5 stars","-"
"433",13,"Latavius Murray",FA,"RB118","-","-","-"
"434",13,"Chris Moore",ARI,"WR153","11","3 out of 5 stars","-"
"435",13,"Jamari Thrash",CLE,"WR154","10","3 out of 5 stars","-"
"436",13,"Washington Commanders",WAS,"DST30","14","5 out of 5 stars","-163"
"437",13,"Alec Ingold",MIA,"RB119","6","3 out of 5 stars","-"
"438",13,"Nick Folk",TEN,"K27","5","5 out of 5 stars","-"
"439",13,"Eddy Pineiro",CAR,"K28","11","3 out of 5 stars","-"
"440",13,"Mecole Hardman Jr.",KC,"WR155","6","3 out of 5 stars","-"
"441",13,"Mac Jones",JAC,"QB46","12","5 out of 5 stars","-"
"442",13,"Charlie Jones",CIN,"WR156","12","2 out of 5 stars","-"
"443",13,"Durham Smythe",MIA,"TE64","6","2 out of 5 stars","-"
"444",13,"Graham Gano",NYG,"K29","11","1 out of 5 stars","-"
"445",13,"Malik Davis",DAL,"RB120","7","3 out of 5 stars","-"
"446",13,"Elijah Higgins",ARI,"TE65","11","5 out of 5 stars","-"
"447",13,"Jared Wiley",KC,"TE66","6","3 out of 5 stars","-"
"448",13,"Lucas Krull",DEN,"TE67","14","2 out of 5 stars","-"
"449",13,"Patrick Ricard",BAL,"RB121","14","3 out of 5 stars","-"
"450",13,"Casey Washington",ATL,"WR157","12","4 out of 5 stars","-"
"451",13,"Brandon McManus",FA,"K30","-","-","-"
"452",13,"Kevin Harris",NE,"RB122","14","2 out of 5 stars","-"
"453",13,"Brock Wright",DET,"TE68","5","3 out of 5 stars","-"
"454",13,"David Bell",CLE,"WR158","10","3 out of 5 stars","-"
"455",13,"Laviska Shenault Jr.",SEA,"WR159","10","3 out of 5 stars","-"
"456",13,"Tennessee Titans",TEN,"DST31","5","3 out of 5 stars","-165"
"457",13,"KhaDarel Hodge",ATL,"WR160","12","4 out of 5 stars","-"
"458",13,"Spencer Rattler",NO,"QB47","12","4 out of 5 stars","-"
"459",13,"Will Reichard",MIN,"K31","6","5 out of 5 stars","-216"
"460",13,"Julius Chestnut",TEN,"RB123","5","3 out of 5 stars","-"
"461",13,"Anders Carlson",FA,"K32","-","-","-"
"462",13,"Kene Nwangwu",FA,"RB124","-","-","-"
"463",13,"Cody Schrader",LAR,"RB125","6","3 out of 5 stars","-"
"464",13,"Devaughn Vele",DEN,"WR161","14","2 out of 5 stars","-"
"465",13,"Jordan Akins",CLE,"TE69","10","3 out of 5 stars","-"
"466",13,"Stone Smartt",LAC,"TE70","5","3 out of 5 stars","-"
"467",13,"Joshua Dobbs",SF,"QB48","9","2 out of 5 stars","-"
"468",13,"JaMycal Hasty",NE,"RB126","14","2 out of 5 stars","-"
"469",13,"Devin Duvernay",JAC,"WR162","12","4 out of 5 stars","-"
"470",13,"Riley Patterson",FA,"K33","-","-","-"
"471",13,"Avery Williams",ATL,"RB127","12","4 out of 5 stars","-"
"472",14,"Marcus Mariota",WAS,"QB49","14","3 out of 5 stars","-"
"473",14,"Keilan Robinson",JAC,"RB128","12","2 out of 5 stars","-"
"474",14,"Irv Smith Jr.",FA,"TE71","-","-","-"
"475",14,"DeeJay Dallas",ARI,"RB129","11","2 out of 5 stars","-"
"476",14,"Carson Wentz",KC,"QB50","6","3 out of 5 stars","-"
"477",14,"Isaiah McKenzie",NYG,"WR163","11","3 out of 5 stars","-"
"478",14,"Jeremy McNichols",WAS,"RB130","14","3 out of 5 stars","-"
"479",14,"Drew Sample",CIN,"TE72","12","3 out of 5 stars","-"
"480",14,"Terrace Marshall Jr.",SF,"WR164","9","2 out of 5 stars","-"
"481",14,"Dare Ogunbowale",HOU,"RB131","14","3 out of 5 stars","-"
"482",14,"Brayden Narveson",GB,"K34","10","5 out of 5 stars","-"
"483",14,"AJ Barner",SEA,"TE73","10","3 out of 5 stars","-"
"484",14,"Cole Turner",WAS,"TE74","14","2 out of 5 stars","-"
"485",14,"Frank Gore Jr.",BUF,"RB132","12","2 out of 5 stars","-157"
"486",14,"Robert Tonyan",MIN,"TE75","6","2 out of 5 stars","-"
"487",14,"Anthony Gould",IND,"WR165","14","4 out of 5 stars","-"
"488",14,"Justyn Ross",KC,"WR166","6","3 out of 5 stars","-"
"489",14,"Josh Johnson",BAL,"QB51","14","4 out of 5 stars","-"
"490",14,"Patrick Taylor Jr.",SF,"RB133","9","2 out of 5 stars","-"
"491",14,"Kyle Philips",FA,"WR167","-","-","-"
"492",14,"Julian Hill",MIA,"TE76","6","2 out of 5 stars","-"
"493",14,"Kayshon Boutte",NE,"WR168","14","3 out of 5 stars","-"
"494",14,"Brett Maher",FA,"K35","-","-","-"
"495",14,"Hassan Haskins",LAC,"RB134","5","4 out of 5 stars","-"
"496",14,"Pharaoh Brown",SEA,"TE77","10","3 out of 5 stars","-"
"497",14,"Trent Sherfield Sr.",MIN,"WR169","6","3 out of 5 stars","-"
"498",14,"John Bates",WAS,"TE78","14","2 out of 5 stars","-"
"499",14,"Isaiah Hodgins",NYG,"WR170","11","3 out of 5 stars","-"
"500",14,"MyCole Pruitt",PIT,"TE79","9","3 out of 5 stars","-"
"501",14,"Charlie Woerner",ATL,"TE80","12","3 out of 5 stars","-"
"502",14,"Allen Robinson II",DET,"WR171","5","4 out of 5 stars","-"
"503",14,"Tip Reiman",ARI,"TE81","11","5 out of 5 stars","-"
"504",14,"Scotty Miller",PIT,"WR172","9","1 out of 5 stars","-"
"505",14,"Zach Evans",FA,"RB135","-","-","-"
"506",14,"Jha'Quan Jackson",TEN,"WR173","5","4 out of 5 stars","-"
"507",14,"Derius Davis",LAC,"WR174","5","3 out of 5 stars","-"
"508",14,"Harrison Bryant",LV,"TE82","10","4 out of 5 stars","-"
"509",14,"Trey Lance",DAL,"QB52","7","2 out of 5 stars","-"
"510",14,"Connor Heyward",PIT,"TE83","9","3 out of 5 stars","-"
"511",14,"Payne Durham",TB,"TE84","11","3 out of 5 stars","-"
"512",14,"Brenton Strange",JAC,"TE85","12","3 out of 5 stars","-"
"513",14,"Isaiah Williams",DET,"WR175","5","4 out of 5 stars","-"
"514",14,"Boston Scott",FA,"RB136","-","-","-"
"515",14,"Jimmy Garoppolo",LAR,"QB53","6","4 out of 5 stars","-"
"516",14,"C.J. Ham",MIN,"RB137","6","3 out of 5 stars","-"
"517",14,"Leonard Fournette",FA,"RB138","-","-","-"
"518",14,"Hunter Luepke",DAL,"RB139","7","3 out of 5 stars","-"
"519",14,"Myles Gaskin",MIN,"RB140","6","3 out of 5 stars","-"
"520",14,"Raheem Blackshear",CAR,"RB141","11","4 out of 5 stars","-"
"521",14,"Daurice Fountain",FA,"WR176","-","-","-"
"522",14,"Zach Wilson",DEN,"QB54","14","2 out of 5 stars","-"
"523",14,"Sterling Shepard",TB,"WR177","11","3 out of 5 stars","-"
"524",14,"Denzel Mims",FA,"WR178","-","-","-"
"525",14,"Quez Watkins",FA,"WR179","-","-","-"
"526",14,"Ian Thomas",CAR,"TE86","11","3 out of 5 stars","-"
"527",14,"Darrynton Evans",BUF,"RB142","12","2 out of 5 stars","-"
"528",14,"DJ Turner",LV,"WR180","10","3 out of 5 stars","-"
"529",14,"Dallin Holker",NO,"TE87","12","4 out of 5 stars","-"
"530",14,"Desmond Ridder",ARI,"QB55","11","2 out of 5 stars","-"
"531",14,"Cornelius Johnson",LAC,"WR181","5","3 out of 5 stars","-"
"532",14,"Deonte Harty",BAL,"WR182","14","3 out of 5 stars","-"
"533",14,"Mason Tipton",NO,"WR183","12","3 out of 5 stars","-"
"534",14,"Reggie Gilliam",BUF,"RB143","12","2 out of 5 stars","-"
"535",14,"Ashton Dulin",IND,"WR184","14","4 out of 5 stars","-"
"536",14,"Malik Heath",GB,"WR185","10","4 out of 5 stars","-"
"537",14,"Drew Ogletree",IND,"TE88","14","3 out of 5 stars","-"
"538",14,"Jordan Mims",NO,"RB144","12","5 out of 5 stars","-"
"539",14,"Luke Farrell",JAC,"TE89","12","3 out of 5 stars","-"
"540",14,"Isaiah Williams",FA,"WR186","-","-","-"
"541",14,"Joey Slye",NE,"K36","14","5 out of 5 stars","-"
"542",14,"David Moore",CAR,"WR187","11","5 out of 5 stars","-"
"543",14,"Arizona Cardinals",ARI,"DST32","11","3 out of 5 stars","-"
"544",14,"Peyton Hendershot",KC,"TE90","6","3 out of 5 stars","-"
"545",14,"Mitchell Trubisky",BUF,"QB56","12","1 out of 5 stars","-"
"546",14,"Ross Dwelley",ATL,"TE91","12","3 out of 5 stars","-"
"547",14,"Tyrion Davis-Price",PHI,"RB145","5","4 out of 5 stars","-"
"548",14,"Charlie Kolar",BAL,"TE92","14","3 out of 5 stars","-"
"549",14,"Dillon Johnson",FA,"RB146","-","-","-"
"550",14,"Robbie Chosen",MIA,"WR188","6","2 out of 5 stars","-"
"551",14,"Tanner McLachlan",CIN,"TE93","12","3 out of 5 stars","-"
"552",14,"Albert Okwuegbunam Jr.",PHI,"TE94","5","4 out of 5 stars","-"
"553",14,"Velus Jones Jr.",CHI,"WR189","7","4 out of 5 stars","-"
"554",14,"Xavier Weaver",ARI,"WR190","11","3 out of 5 stars","-"
"555",14,"KJ Hamler",BUF,"WR191","12","2 out of 5 stars","-"
"556",14,"Joe Parker",FA,"WR192","-","-","-"
"557",14,"Hunter Long",LAR,"TE95","6","3 out of 5 stars","-"
"558",14,"Owen Wright",BAL,"RB147","14","3 out of 5 stars","-"
"559",14,"Marcus Rosemy-Jacksaint",PHI,"WR193","5","2 out of 5 stars","-"
"560",14,"Ronald Jones II",FA,"RB148","-","-","-"
"561",14,"DeWayne McBride",FA,"RB149","-","-","-"
"562",14,"Tahj Washington",MIA,"WR194","6","2 out of 5 stars","-"
"563",14,"Cade York",WAS,"K37","14","2 out of 5 stars","-"
"564",14,"Kendall Milton",CIN,"RB150","12","3 out of 5 stars","-"
"565",14,"Zack Kuntz",NYJ,"TE96","12","3 out of 5 stars","-"
"566",14,"Adam Prentice",NO,"RB151","12","5 out of 5 stars","-"
"567",14,"Dante Miller",NYG,"RB152","11","3 out of 5 stars","-"
"568",14,"Michael Burton",DEN,"RB153","14","4 out of 5 stars","-"
"569",14,"DeAndre Carter",CHI,"WR195","7","4 out of 5 stars","-"
"570",15,"Jalen Reagor",NE,"WR196","14","3 out of 5 stars","-"
"571",15,"Lew Nichols III",FA,"RB154","-","-","-"
"572",15,"George Holani",SEA,"RB155","10","4 out of 5 stars","-"
"573",15,"Andy Dalton",CAR,"QB57","11","5 out of 5 stars","-"
"574",15,"Jesper Horsted",FA,"TE97","-","-","-"
"575",15,"N'Keal Harry",MIN,"WR197","6","3 out of 5 stars","-"
"576",15,"Nick Vannett",TEN,"TE98","5","4 out of 5 stars","-"
"577",15,"Chad Ryland",FA,"K38","-","-","-"
"578",15,"Hendon Hooker",DET,"QB58","5","4 out of 5 stars","-"
"579",15,"Mason Rudolph",TEN,"QB59","5","5 out of 5 stars","-"
"580",15,"Mike White",BUF,"QB60","12","1 out of 5 stars","-"
"581",15,"Samori Toure",CHI,"WR198","7","4 out of 5 stars","-"
"582",15,"Jamal Agnew",FA,"WR199","-","-","-"
"583",15,"Dylan Parham",FA,"TE99","-","-","-"
"584",15,"Chris Manhertz",NYG,"TE100","11","4 out of 5 stars","-"
"585",15,"Byron Pringle",WAS,"WR200","14","3 out of 5 stars","-"
"586",15,"Bryce Ford-Wheaton",NYG,"WR201","11","3 out of 5 stars","-"
"587",15,"Malik Willis",GB,"QB61","10","5 out of 5 stars","-"
"588",15,"Ko Kieft",TB,"TE101","11","3 out of 5 stars","-"
"589",15,"Josiah Deguara",JAC,"TE102","12","3 out of 5 stars","-"
"590",15,"Devin Culp",TB,"TE103","11","3 out of 5 stars","-"
"591",15,"Tyler Badie",DEN,"RB156","14","4 out of 5 stars","-"
"592",15,"Khari Blasingame",CHI,"RB157","7","2 out of 5 stars","-"
"593",15,"Grant Calcaterra",PHI,"TE104","5","4 out of 5 stars","-"
"594",15,"Zach Pascal",ARI,"WR202","11","3 out of 5 stars","-"
"595",15,"Quintin Morris",BUF,"TE105","12","2 out of 5 stars","-"
"596",15,"Demetric Felton Jr.",FA,"RB158","-","-","-"
"597",15,"Emeka Egbuka",FA,"WR203","-","-","-"
"598",15,"Rakim Jarrett",TB,"WR204","11","3 out of 5 stars","-"
"599",15,"Jakob Johnson",NYG,"RB159","11","3 out of 5 stars","-"
"600",15,"Tony Jones Jr.",ARI,"RB160","11","2 out of 5 stars","-"
"601",15,"Jalen Coker",CAR,"WR205","11","5 out of 5 stars","-"
"602",15,"James Robinson",FA,"RB161","-","-","-"
"603",15,"Kenny Yeboah",NYJ,"TE106","12","3 out of 5 stars","-"
"604",15,"Gary Brightwell",CLE,"RB162","10","4 out of 5 stars","-"
"605",15,"Ben Sims",GB,"TE107","10","3 out of 5 stars","-"
"606",15,"Zonovan Knight",FA,"RB163","-","-","-"
"607",15,"Emani Bailey",KC,"RB164","6","3 out of 5 stars","-"
"608",15,"Simi Fehoko",LAC,"WR206","5","3 out of 5 stars","-"
"609",15,"Ihmir Smith-Marsette",FA,"WR207","-","-","-"
"610",15,"Antoine Green",FA,"WR208","-","-","-"
"611",15,"Jack Stoll",PHI,"TE108","5","4 out of 5 stars","-"
"612",15,"Daijun Edwards",FA,"RB165","-","-","-"
"613",15,"Andrew Beck",FA,"TE109","-","-","-"
"614",15,"Stephen Sullivan",FA,"TE110","-","-","-"
"615",15,"Grant DuBose",MIA,"WR209","6","2 out of 5 stars","-"
"616",15,"Brady Russell",SEA,"TE111","10","3 out of 5 stars","-"
"617",15,"Ronnie Bell",SF,"WR210","9","2 out of 5 stars","-"
"618",15,"Chris Brooks",FA,"RB166","-","-","-"
"619",15,"Aaron Shampklin",FA,"RB167","-","-","-"
"620",15,"Daniel Helm",FA,"TE112","-","-","-"
"621",15,"Tylan Wallace",BAL,"WR211","14","3 out of 5 stars","-"
"622",15,"Carlos Washington Jr.",ATL,"RB168","12","4 out of 5 stars","-"
"623",15,"James Mitchell",DET,"TE113","5","3 out of 5 stars","-"
"624",15,"Tucker Fisk",LAC,"TE114","5","3 out of 5 stars","-"
"625",15,"Jalen Guyton",LV,"WR212","10","3 out of 5 stars","-"
"626",15,"Lawrence Cager",NYG,"WR213","11","3 out of 5 stars","-"
"627",15,"Trevon Wesco",FA,"TE115","-","-","-"
"628",15,"Tyler Kroft",FA,"TE116","-","-","-"
"629",15,"Tyler Mabry",SEA,"TE117","10","3 out of 5 stars","-"
"630",15,"Geoff Swaim",FA,"TE118","-","-","-"
"631",15,"Tyrell Shavers",BUF,"WR214","12","2 out of 5 stars","-"
"632",15,"Easton Stick",LAC,"QB62","5","2 out of 5 stars","-"
"633",15,"Anthony Schwartz",MIA,"WR215","6","2 out of 5 stars","-"
"634",15,"Nick Guggemos",FA,"TE119","-","-","-"
"635",15,"Ramel Keyton",LV,"WR216","10","3 out of 5 stars","-"
"636",15,"Trestan Ebner",FA,"RB169","-","-","-"
"637",15,"Teagan Quitoriano",HOU,"TE120","14","2 out of 5 stars","-"
"638",15,"Chris Blair",ATL,"WR217","12","4 out of 5 stars","-"
"639",15,"Stephen Carlson",CHI,"TE121","7","3 out of 5 stars","-"
"640",15,"Erik Ezukanma",MIA,"WR218","6","2 out of 5 stars","-"
"641",15,"Michael Jacobson",NO,"TE122","12","4 out of 5 stars","-"
"642",15,"Julio Jones",FA,"WR219","-","-","-"
"643",15,"Marvin Jones Jr.",FA,"WR220","-","-","-"
"644",15,"Brandon Johnson",FA,"WR221","-","-","-"
"645",15,"Tommy Hudson",NO,"TE123","12","4 out of 5 stars","-"
"646",15,"Trishton Jackson",MIN,"WR222","6","3 out of 5 stars","-"
"647",15,"Michael Wiley",WAS,"RB170","14","3 out of 5 stars","-"
"648",15,"Brayden Willis",SF,"TE124","9","4 out of 5 stars","-"
"649",15,"Jimmy Graham",FA,"TE125","-","-","-"
"650",15,"Nick Boyle",FA,"TE126","-","-","-"
"651",15,"Eric Tomlinson",LAC,"TE127","5","3 out of 5 stars","-"
"652",15,"Cooper Rush",DAL,"QB63","7","2 out of 5 stars","-"
"653",15,"Tommy DeVito",NYG,"QB64","11","2 out of 5 stars","-"
"654",15,"Rodney Williams",PIT,"TE128","9","3 out of 5 stars","-"
"655",15,"Brycen Hopkins",FA,"TE129","-","-","-"
"656",15,"Sean McKeon",IND,"TE130","14","3 out of 5 stars","-"
"657",15,"Tyler Huntley",FA,"QB65","-","-","-"
"658",15,"Zach Davidson",BUF,"TE131","12","2 out of 5 stars","-"
"659",15,"Noah Togiai",FA,"TE132","-","-","-"
"660",15,"Nick Bawden",FA,"RB171","-","-","-"
"661",15,"Zach Gentry",FA,"TE133","-","-","-"
"662",15,"Tyler Davis",GB,"TE134","10","3 out of 5 stars","-"
"663",15,"Anthony Firkser",NYJ,"TE135","12","3 out of 5 stars","-"
"664",15,"Tyree Jackson",FA,"TE136","-","-","-"
"665",15,"Curtis Hodges",FA,"TE137","-","-","-"
"666",15,"Tommy Sweeney",FA,"TE138","-","-","-"
"667",15,"Bryan Thompson",FA,"WR223","-","-","-"
"668",15,"Blake Bell",FA,"TE139","-","-","-"
"669",15,"Ryan Tannehill",FA,"QB66","-","-","-"
"670",15,"Joe Milton III",NE,"QB67","14","3 out of 5 stars","-"
"671",15,"Stetson Bennett",LAR,"QB68","6","4 out of 5 stars","-"
"672",15,"Clayton Tune",ARI,"QB69","11","2 out of 5 stars","-"
"673",15,"Jonathan Ward",PIT,"RB172","9","4 out of 5 stars","-"
"674",15,"Mike Boone",CAR,"RB173","11","4 out of 5 stars","-"
"675",15,"Equanimeous St. Brown",NO,"WR224","12","3 out of 5 stars","-"
"676",15,"Tyler Johnson",LAR,"WR225","6","3 out of 5 stars","-"
"677",15,"Jordan Scarlett",FA,"RB174","-","-","-"
"678",15,"Derrick Gore",FA,"RB175","-","-","-"
"679",15,"Jashaun Corbin",FA,"RB176","-","-","-"
"680",15,"Brandon Bolden",FA,"RB177","-","-","-"
"681",15,"Jason Brownlee",FA,"WR226","-","-","-"
"682",15,"Patrick Laird",FA,"RB178","-","-","-"
"683",16,"Deven Thompkins",FA,"WR227","-","-","-"
"684",16,"Dontrell Hilliard",FA,"RB179","-","-","-"
"685",16,"Russell Gage",FA,"WR228","-","-","-"
"686",16,"River Cracraft",MIA,"WR229","6","2 out of 5 stars","-"
"687",16,"Jermar Jefferson",DET,"RB180","5","3 out of 5 stars","-"
"688",16,"Ty Montgomery II",FA,"RB181","-","-","-"
"689",16,"Anthony McFarland Jr.",FA,"RB182","-","-","-"
"690",16,"Logan Parker",FA,"TE140","-","-","-"
"691",16,"Snoop Conner",FA,"RB183","-","-","-"
"692",16,"Chris Conley",SF,"WR230","9","2 out of 5 stars","-"
"693",16,"Wendell Smallwood",FA,"RB184","-","-","-359"
"694",16,"Jonathan Williams",FA,"RB185","-","-","-"
"695",16,"Pooka Williams Jr.",FA,"RB186","-","-","-"
"696",16,"Bisi Johnson",FA,"WR231","-","-","-"
"697",16,"Tulu Griffin",CLE,"WR232","10","3 out of 5 stars","-"
"698",16,"Miles Boykin",NYG,"WR233","11","3 out of 5 stars","-"
"699",16,"John Ross",FA,"WR234","-","-","-"
"700",16,"Dee Eskridge",MIA,"WR235","6","2 out of 5 stars","-"
"701",16,"Alex Erickson",FA,"WR236","-","-","-"
"702",16,"Devron Harper",FA,"WR237","-","-","-"
"703",16,"Jeff Foreman",LV,"WR238","10","3 out of 5 stars","-"
"704",16,"Josh Ali",FA,"WR239","-","-","-"
"705",16,"Tejhaun Palmer",ARI,"WR240","11","3 out of 5 stars","-"
"706",16,"Lynn Bowden Jr.",FA,"WR241","-","-","-"
"707",16,"Ty James",FA,"WR242","-","-","-"
"708",16,"Marquez Callaway",FA,"WR243","-","-","-"
"709",16,"Tre'Quan Smith",DET,"WR244","5","4 out of 5 stars","-"
"710",16,"Nikko Remigio",KC,"WR245","6","3 out of 5 stars","-"
"711",16,"Marquise Goodwin",FA,"WR246","-","-","-"
"712",16,"Lil'Jordan Humphrey",DEN,"WR247","14","2 out of 5 stars","-"
"713",16,"Justin Shorter",LV,"WR248","10","3 out of 5 stars","-"
"714",16,"Britain Covey",PHI,"WR249","5","2 out of 5 stars","-"
"715",16,"Laquon Treadwell",IND,"WR250","14","4 out of 5 stars","-"
"716",16,"Stanley Morgan Jr.",FA,"WR251","-","-","-"
"717",16,"Mike Strachan",FA,"WR252","-","-","-"
"718",16,"Irvin Charles",NYJ,"WR253","12","4 out of 5 stars","-"
"719",16,"Daniel Arias",FA,"WR254","-","-","-"
"720",16,"Quintez Cephus",FA,"WR255","-","-","-"
"721",16,"Juwann Winfree",IND,"WR256","14","4 out of 5 stars","-"
"722",16,"Tim Jones",JAC,"WR257","12","4 out of 5 stars","-"
"723",16,"Hakeem Butler",FA,"WR258","-","-","-"
"724",16,"Lance McCutcheon",NYJ,"WR259","12","4 out of 5 stars","-"
"725",16,"Kaylon Geiger Sr.",FA,"WR260","-","-","-"
"726",16,"Trent Taylor",SF,"WR261","9","2 out of 5 stars","-"
"727",16,"Randall Cobb",FA,"WR262","-","-","-"
"728",16,"Jeff Cotton Jr.",FA,"WR263","-","-","-"
"729",16,"Austin Trammell",JAC,"WR264","12","4 out of 5 stars","-"
"730",16,"Malik Taylor",NYJ,"WR265","12","4 out of 5 stars","-"
"731",16,"Danny Gray",FA,"WR266","-","-","-"
"732",16,"Cody Thompson",TB,"WR267","11","3 out of 5 stars","-"
"733",16,"Willie Snead IV",FA,"WR268","-","-","-"
"734",16,"Penny Hart",FA,"WR269","-","-","-"
"735",16,"D.J. Montgomery",IND,"WR270","14","4 out of 5 stars","-"
"736",16,"James Proche II",CLE,"WR271","10","3 out of 5 stars","-"
"737",16,"Dax Milne",FA,"WR272","-","-","-"
"738",16,"Marcus Kemp",FA,"WR273","-","-","-"